{
  "kkpoker_6max": {
    "seats": [
      {
        "name": "BTN",
        "stack": [
          0.7,
          0.12,
          0.28,
          0.06
        ]
      },
      {
        "name": "SB",
        "stack": [
          0.58,
          0.18,
          0.28,
          0.06
        ]
      },
      {
        "name": "BB",
        "stack": [
          0.28,
          0.18,
          0.28,
          0.06
        ]
      },
      {
        "name": "UTG",
        "stack": [
          0.14,
          0.56,
          0.22,
          0.06
        ]
      },
      {
        "name": "MP",
        "stack": [
          0.16,
          0.56,
          0.22,
          0.06
        ]
      },
      {
        "name": "CO",
        "stack": [
          0.7,
          0.66,
          0.28,
          0.06
        ]
      }
    ],
    "pot": [
      0.36,
      0.4,
      0.28,
      0.08
    ],
    "dealer": [
      0.48,
      0.11,
      0.05,
      0.08
    ],
    "hh_preflop": [
      0.03,
      0.82,
      0.32,
      0.15
    ],
    "hh_flop": [
      0.35,
      0.82,
      0.32,
      0.15
    ],
    "hh_turn": [
      0.67,
      0.82,
      0.32,
      0.15
    ],
    "hh_river": [
      0.99,
      0.82,
      0.32,
      0.15
    ]
  }
}